{
  "total_pieces": 15452,
  "baseline_ppl": 747.9218788236574,
  "final_ppl": 163.7328909848554,
  "oov_rate": 0.0,
  "em_iterations": 5,
  "pruned_pieces": 34644
}