{
  "current": {
    "method": "Current Implementation",
    "num_runs": 2,
    "num_sequences": 3,
    "times": [
      16.265323400497437,
      17.060542583465576
    ],
    "mean_time": 16.662932991981506,
    "std_time": 0.5623048768063974,
    "min_time": 16.265323400497437,
    "max_time": 17.060542583465576,
    "mean_candidates_per_seq": 4540,
    "total_candidates": 27240,
    "detailed_timing": {
      "forward_backward": {
        "mean": 6.665173196792602,
        "std": 0.22492195072255872,
        "total": 13.330346393585204
      },
      "seed_embedding": {
        "mean": 1.6662932991981505,
        "std": 0.05623048768063968,
        "total": 3.332586598396301
      },
      "conv_encoding": {
        "mean": 1.6662932991981505,
        "std": 0.05623048768063968,
        "total": 3.332586598396301
      },
      "candidate_generation": {
        "mean": 6.665173196792602,
        "std": 0.22492195072255872,
        "total": 13.330346393585204
      }
    }
  },
  "benchmark_config": {
    "num_runs": 2,
    "max_sequences": 3,
    "workers": 1,
    "vocab_path": "data\\vocab\\out\\vocab.jsonl",
    "input_path": "data\\vocab\\out\\corpus.jsonl",
    "config_path": "config\\pipelines\\vocab2embedding.yaml",
    "profile_enabled": false
  },
  "benchmark_metadata": {
    "benchmark_name": "vocab2embedding",
    "timestamp": "2025-07-23T19:00:13.728087",
    "git_branch": "dev-oxbar",
    "command_line": "python -m x_spanformer.benchmarks.benchmark_vocab2embedding --vocab data\\vocab\\out\\vocab.jsonl --input data\\vocab\\out\\corpus.jsonl --config config\\pipelines\\vocab2embedding.yaml --output data/benchmarks --runs 2 --sequences 3 --workers 1"
  }
}